<!-- FIX44 Master XML Version: 4.4.1.0 -->
<fix major="4" minor="4">
  <header>
    <field name="BeginString" required="Y" />
    <field name="BodyLength" required="Y" />
    <field name="MsgType" required="Y" />
    <field name="SenderCompID" required="Y" />
    <field name="TargetCompID" required="Y" />
    <field name="OnBehalfOfCompID" required="N" />
    <field name="DeliverToCompID" required="N" />
    <field name="SecureDataLen" required="N" />
    <field name="SecureData" required="N" />
    <field name="MsgSeqNum" required="Y" />
    <field name="SenderSubID" required="N" />
    <field name="SenderLocationID" required="N" />
    <field name="TargetSubID" required="N" />
    <field name="TargetLocationID" required="N" />
    <field name="OnBehalfOfSubID" required="N" />
    <field name="OnBehalfOfLocationID" required="N" />
    <field name="DeliverToSubID" required="N" />
    <field name="DeliverToLocationID" required="N" />
    <field name="PossDupFlag" required="N" />
    <field name="PossResend" required="N" />
    <field name="SendingTime" required="Y" />
    <field name="OrigSendingTime" required="N" />
    <field name="MessageEncoding" required="N" />
    <field name="LastMsgSeqNumProcessed" required="N" />
    <group name="NoHops" required="N">
      <field name="HopCompID" required="N" />
      <field name="HopSendingTime" required="N" />
      <field name="HopRefID" required="N" />
    </group>
    <field name="BusinessSeqNum" required="N" />
  </header>
  <trailer>
    <field name="SignatureLength" required="N" />
    <field name="Signature" required="N" />
    <field name="CheckSum" required="Y" />
  </trailer>
  <messages>
    <message name="Heartbeat" msgtype="0" msgcat="admin">
      <field name="TestReqID" required="N" />
    </message>
    <message name="TestRequest" msgtype="1" msgcat="admin">
      <field name="TestReqID" required="Y" />
    </message>
    <message name="ResendRequest" msgtype="2" msgcat="admin">
      <field name="BeginSeqNo" required="Y" />
      <field name="EndSeqNo" required="Y" />
    </message>
    <message name="Reject" msgtype="3" msgcat="admin">
      <field name="RefSeqNum" required="Y" />
      <field name="RefTagID" required="N" />
      <field name="RefMsgType" required="N" />
      <field name="SessionRejectReason" required="N" />
      <field name="Text" required="N" />
      <field name="EncodedTextLen" required="N" />
      <field name="EncodedText" required="N" />
    </message>
    <message name="SequenceReset" msgtype="4" msgcat="admin">
      <field name="GapFillFlag" required="N" />
      <field name="NewSeqNo" required="Y" />
    </message>
    <message name="Logout" msgtype="5" msgcat="admin">
      <field name="Text" required="N" />
      <field name="EncodedTextLen" required="N" />
      <field name="EncodedText" required="N" />
    </message>
    <message name="Logon" msgtype="A" msgcat="admin">
      <field name="EncryptMethod" required="Y" />
      <field name="HeartBtInt" required="Y" />
      <field name="RawDataLength" required="N" />
      <field name="RawData" required="N" />
      <field name="ResetSeqNumFlag" required="N" />
      <field name="NextExpectedMsgSeqNum" required="N" />
      <field name="MaxMessageSize" required="N" />
      <field name="Text" required="N" />
      <group name="NoMsgTypes" required="N">
        <field name="RefMsgType" required="N" />
        <field name="MsgDirection" required="N" />
      </group>
      <field name="TestMessageIndicator" required="N" />
      <field name="Username" required="N" />
      <field name="Password" required="N" />
      <!-- additional fields -->
      <field name="BTSRequesterIPAddress" required="N" />
      <field name="BTSRequesterOSIdentifier" required="N" />
      <field name="ApplicationLogonRspCode" required="N" />
      <field name="DaysBeforePwdExpiration" required="N" />
      <field name="NewPassword" required="N" />
    </message>
    <message name="PostTradingMessage" msgtype="n" msgcat="app">
      <field name="ClOrdID" required="Y" />
      <field name="TransactTime" required="Y" />
      <group name="NoPartyIDs" required="Y">
        <field name="PartyIDSource" required="Y" />
        <field name="PartyID" required="Y" />
        <field name="PartyRole" required="Y" />
      </group>
      <field name="XMLContentLen" required="Y" />
      <field name="XMLContent" required="Y" />
      <field name="MessageID" required="Y" />
      <field name="ResponseID" required="N" />
    </message>
    <message name="BusinessMessageReject" msgtype="j" msgcat="app">
      <field name="RefSeqNum" required="N" />
      <field name="RefMsgType" required="Y" />
      <field name="BusinessRejectRefID" required="N" />
      <field name="BusinessRejectReason" required="Y" />
      <field name="Text" required="N" />
      <field name="EncodedTextLen" required="N" />
      <field name="EncodedText" required="N" />
      <!-- para solucao de HA -->
      <field name="SanityValidation" required="N" />
    </message>
  </messages>
  <components>
    <component name="Parties">
      <group name="NoPartyIDs" required="Y">
        <field name="PartyID" required="Y" />
        <field name="PartyIDSource" required="Y" />
        <field name="PartyRole" required="Y" />
        <group name="NoPartySubIDs" required="N">
          <field name="PartySubID" required="N" />
          <field name="PartySubIDType" required="N" />
        </group>
      </group>
    </component>
  </components>
  <fields>
    <field number="7" name="BeginSeqNo" type="SEQNUM" />
    <field number="8" name="BeginString" type="STRING" />
    <field number="9" name="BodyLength" type="LENGTH" />
    <field number="10" name="CheckSum" type="STRING" />
    <field number="11" name="ClOrdID" type="STRING" />
    <field number="16" name="EndSeqNo" type="SEQNUM" />
    <field number="34" name="MsgSeqNum" type="SEQNUM" />
    <field number="35" name="MsgType" type="STRING">
      <value enum="0" description="HEARTBEAT" />
      <value enum="1" description="TEST_REQUEST" />
      <value enum="2" description="RESEND_REQUEST" />
      <value enum="3" description="REJECT" />
      <value enum="4" description="SEQUENCE_RESET" />
      <value enum="5" description="LOGOUT" />
      <value enum="8" description="EXECUTION_REPORT" />
      <value enum="9" description="ORDER_CANCEL_REJECT" />
      <value enum="A" description="LOGON" />
      <value enum="B" description="NEWS" />
      <value enum="D" description="ORDER_SINGLE" />
      <value enum="F" description="ORDER_CANCEL_REQUEST" />
      <value enum="G" description="ORDER_CANCEL_REPLACE_REQUEST" />
      <value enum="V" description="MARKET_DATA_REQUEST" />
      <value enum="W" description="MARKET_DATA_SNAPSHOT_FULL_REFRESH" />
      <value enum="X" description="MARKET_DATA_INCREMENTAL_REFRESH" />
      <value enum="Y" description="MARKET_DATA_REQUEST_REJECT" />
      <value enum="f" description="SECURITY_STATUS" />
      <value enum="j" description="BUSINESS_MESSAGE_REJECT" />
      <value enum="n" description="XML_NO_ISO" /> 
      <value enum="q" description="ORDER_MASS_CANCEL_REQUEST" />
      <value enum="r" description="ORDER_MASS_CANCEL_REPORT" />
      <value enum="s" description="NEW_ORDER_CROSS" />
      <value enum="x" description="SECURITY_LIST_REQUEST" />
      <value enum="y" description="SECURITY_LIST" />
      <value enum="AD" description="TRADE_CAPTURE_REPORT_REQUEST" />
      <value enum="AE" description="TRADE_CAPTURE_REPORT" />
      <value enum="AF" description="ORDER_MASS_STATUS_REQUEST" />
      <value enum="AL" description="POSITION_MAINTENANCE_REQUEST" />
      <value enum="AM" description="POSITION_MAINTENANCE_REPORT" />
      <value enum="AN" description="REQUEST_FOR_POSITIONS" />
      <value enum="AO" description="REQUEST_FOR_POSITIONS_ACK" />
      <value enum="AP" description="POSITION_REPORT" />
      <value enum="AQ" description="TRADE_CAPTURE_REPORT_REQUEST_ACK" />
      <value enum="AR" description="TRADE_CAPTURE_REPORT_ACK" />
      <value enum="BD" description="NETWORK_STATUS_RESPONSE" />
      <value enum="BE" description="USER_REQUEST" />
      <value enum="BF" description="USER_RESPONSE" />
    </field>
    <field number="36" name="NewSeqNo" type="SEQNUM" />
    <field number="43" name="PossDupFlag" type="BOOLEAN" />
    <field number="45" name="RefSeqNum" type="SEQNUM" />
    <field number="49" name="SenderCompID" type="STRING" />
    <field number="50" name="SenderSubID" type="STRING" />
    <field number="52" name="SendingTime" type="UTCTIMESTAMP" />
    <field number="56" name="TargetCompID" type="STRING" />
    <field number="57" name="TargetSubID" type="STRING" />
    <field number="58" name="Text" type="STRING" />
    <field number="60" name="TransactTime" type="UTCTIMESTAMP" />
    <field number="89" name="Signature" type="DATA" />
    <field number="90" name="SecureDataLen" type="LENGTH" />
    <field number="91" name="SecureData" type="DATA" />
    <field number="93" name="SignatureLength" type="LENGTH" />
    <field number="95" name="RawDataLength" type="LENGTH" />
    <field number="96" name="RawData" type="DATA" />
    <field number="97" name="PossResend" type="BOOLEAN" />
    <field number="98" name="EncryptMethod" type="INT">
      <value enum="0" description="NONE_OTHER" />
      <value enum="1" description="PKCS" />
      <value enum="2" description="DES" />
      <value enum="3" description="PKCS_DES" />
      <value enum="4" description="PGP_DES" />
      <value enum="5" description="PGP_DES_MD5" />
      <value enum="6" description="PEM_DES_MD5" />
    </field>
    <field number="108" name="HeartBtInt" type="INT" />
    <field number="112" name="TestReqID" type="STRING" />
    <field number="115" name="OnBehalfOfCompID" type="STRING" />
    <field number="116" name="OnBehalfOfSubID" type="STRING" />
    <field number="122" name="OrigSendingTime" type="UTCTIMESTAMP" />
    <field number="123" name="GapFillFlag" type="BOOLEAN" />
    <field number="128" name="DeliverToCompID" type="STRING" />
    <field number="129" name="DeliverToSubID" type="STRING" />
    <field number="141" name="ResetSeqNumFlag" type="BOOLEAN" />
    <field number="142" name="SenderLocationID" type="STRING" />
    <field number="143" name="TargetLocationID" type="STRING" />
    <field number="144" name="OnBehalfOfLocationID" type="STRING" />
    <field number="145" name="DeliverToLocationID" type="STRING" />
    <field number="212" name="XmlDataLen" type="LENGTH" />
    <field number="213" name="XmlData" type="DATA" />
    <field number="347" name="MessageEncoding" type="STRING">
      <value enum="ISO-2022-JP" description="ISO_2022_JP" />
      <value enum="EUC-JP" description="EUC_JP" />
      <value enum="SHIFT_JIS" description="SHIFT_JIS" />
      <value enum="UTF-8" description="UTF_8" />
    </field>
    <field number="354" name="EncodedTextLen" type="LENGTH" />
    <field number="355" name="EncodedText" type="DATA" />
    <field number="369" name="LastMsgSeqNumProcessed" type="SEQNUM" />
    <field number="371" name="RefTagID" type="INT" />
    <field number="372" name="RefMsgType" type="STRING" />
    <field number="373" name="SessionRejectReason" type="INT">
      <value enum="0" description="INVALID_TAG_NUMBER" />
      <value enum="1" description="REQUIRED_TAG_MISSING" />
      <value enum="2" description="TAG_NOT_DEFINED_FOR_THIS_MESSAGE_TYPE" />
      <value enum="3" description="UNDEFINED_TAG" />
      <value enum="4" description="TAG_SPECIFIED_WITHOUT_A_VALUE" />
      <value enum="5" description="VALUE_IS_INCORRECT" />
      <value enum="6" description="INCORRECT_DATA_FORMAT_FOR_VALUE" />
      <value enum="7" description="DECRYPTION_PROBLEM" />
      <value enum="8" description="SIGNATURE_PROBLEM" />
      <value enum="9" description="COMPID_PROBLEM" />
      <value enum="10" description="SENDINGTIME_ACCURACY_PROBLEM" />
      <value enum="11" description="INVALID_MSGTYPE" />
      <value enum="12" description="XML_VALIDATION_ERROR" />
      <value enum="13" description="TAG_APPEARS_MORE_THAN_ONCE" />
      <value enum="14" description="TAG_SPECIFIED_OUT_OF_REQUIRED_ORDER" />
      <value enum="15" description="REPEATING_GROUP_FIELDS_OUT_OF_ORDER" />
      <value enum="16" description="INCORRECT_NUMINGROUP_COUNT_FOR_REPEATING_GROUP" />
      <value enum="17" description="NON_DATA_VALUE_INCLUDES_FIELD_DELIMITER" />
      <value enum="99" description="OTHER" />
    </field>
    <field number="379" name="BusinessRejectRefID" type="STRING" />
    <field number="380" name="BusinessRejectReason" type="INT">
      <value enum="0" description="OTHER" />
      <value enum="1" description="UNKOWN_ID" />
      <value enum="2" description="UNKNOWN_SECURITY" />
      <value enum="3" description="UNSUPPORTED_MESSAGE_TYPE" />
      <value enum="4" description="APPLICATION_NOT_AVAILABLE" />
      <value enum="5" description="CONDITIONALLY_REQUIRED_FIELD_MISSING" />
      <value enum="6" description="NOT_AUTHORIZED" />
      <value enum="7" description="DELIVERTO_FIRM_NOT_AVAILABLE_AT_THIS_TIME" />
      <value enum="99" description="THROTTLE_LIMIT_EXCEEDED" />
    </field>
    <field number="383" name="MaxMessageSize" type="LENGTH" />
    <field number="384" name="NoMsgTypes" type="NUMINGROUP" />
    <field number="385" name="MsgDirection" type="CHAR">
      <value enum="S" description="SEND" />
      <value enum="R" description="RECEIVE" />
    </field>
    <field number="447" name="PartyIDSource" type="CHAR">
      <value enum="B" description="BIC" />
      <value enum="C" description="GENERALLY_ACCEPTED_MARKET_PARTICIPANT_IDENTIFIER" />
      <value enum="D" description="PROPRIETARY_CUSTOM_CODE" />
      <value enum="E" description="ISO_COUNTRY_CODE" />
      <value enum="F" description="SETTLEMENT_ENTITY_LOCATION" />
      <value enum="G" description="MIC" />
      <value enum="H" description="CSD_PARTICIPANT_MEMBER_CODE" />
      <value enum="1" description="KOREAN_INVESTOR_ID" />
      <value enum="2" description="TAIWANESE_QUALIFIED_FOREIGN_INVESTOR_ID_QFII_FID" />
      <value enum="3" description="TAIWANESE_TRADING_ACCOUNT" />
      <value enum="4" description="MALAYSIAN_CENTRAL_DEPOSITORY_NUMBER" />
      <value enum="5" description="CHINESE_B_SHARE" />
      <value enum="6" description="UK_NATIONAL_INSURANCE_OR_PENSION_NUMBER" />
      <value enum="7" description="US_SOCIAL_SECURITY_NUMBER" />
      <value enum="8" description="US_EMPLOYER_IDENTIFICATION_NUMBER" />
      <value enum="9" description="AUSTRALIAN_BUSINESS_NUMBER" />
      <value enum="A" description="AUSTRALIAN_TAX_FILE_NUMBER" />
      <value enum="I" description="DIRECTED_BROKER" />
    </field>
    <field number="448" name="PartyID" type="STRING" />
    <field number="452" name="PartyRole" type="INT">
      <value enum="1" description="EXECUTING_FIRM" />
      <value enum="2" description="BROKER_OF_CREDIT" />
      <value enum="3" description="CLIENT_ID" />
      <value enum="4" description="CLEARING_FIRM" />
      <value enum="5" description="INVESTOR_ID" />
      <value enum="6" description="INTRODUCING_FIRM" />
      <value enum="7" description="ENTERING_FIRM" />
      <value enum="8" description="LOCATE_LENDING_FIRM" />
      <value enum="9" description="FUND_MANAGER_CLIENT_ID" />
      <value enum="10" description="SETTLEMENT_LOCATION" />
      <value enum="11" description="ORDER_ORIGINATION_TRADER" />
      <value enum="12" description="EXECUTING_TRADER" />
      <value enum="13" description="ORDER_ORIGINATION_FIRM" />
      <value enum="14" description="GIVEUP_CLEARING_FIRM" />
      <value enum="15" description="CORRESPONDANT_CLEARING_FIRM" />
      <value enum="16" description="EXECUTING_SYSTEM" />
      <value enum="17" description="CONTRA_FIRM" />
      <value enum="18" description="CONTRA_CLEARING_FIRM" />
      <value enum="19" description="SPONSORING_FIRM" />
      <value enum="20" description="UNDERLYING_CONTRA_FIRM" />
      <value enum="21" description="CLEARING_ORGANIZATION" />
      <value enum="22" description="EXCHANGE" />
      <value enum="24" description="CUSTOMER_ACCOUNT" />
      <value enum="25" description="CORRESPONDENT_CLEARING_ORGANIZATION" />
      <value enum="26" description="CORRESPONDENT_BROKER" />
      <value enum="27" description="BUYER_SELLER" />
      <value enum="28" description="CUSTODIAN" />
      <value enum="29" description="INTERMEDIARY" />
      <value enum="30" description="AGENT" />
      <value enum="31" description="SUB_CUSTODIAN" />
      <value enum="32" description="BENEFICIARY" />
      <value enum="33" description="INTERESTED_PARTY" />
      <value enum="34" description="REGULATORY_BODY" />
      <value enum="35" description="LIQUIDITY_PROVIDER" />
      <value enum="36" description="ENTERING_TRADER" />
      <value enum="37" description="CONTRA_TRADER" />
      <value enum="38" description="POSITION_ACCOUNT" />
      <value enum="40" description="TRANSFER_TO_FIRM" />
      <value enum="44" description="ORDER_ENTRY_OPERATOR_ID" />
      <value enum="45" description="SECONDARY_ACCOUNT_NUMBER" />
      <value enum="54" description="SENDER_LOCATION" />
      <value enum="55" description="SESSION_ID" />
      <value enum="76" description="DESK_ID" />
      <value enum="10000" description="SUPERVISOR_COMP_ID" />
      <value enum="20006" description="CORRELATION_MSG_ID" />
      <value enum="20022" description="TIBCO_SESSION_ID" />
      <value enum="20026" description="SUBJECT_KEY" />
      <value enum="20035" description="TIMESTAMP" />
      <value enum="20998" description="FUTURE_USE_1" />
      <value enum="20999" description="FUTURE_USE_2" />
      <value enum="32002" description="TRANSPORT_ID" />
      <value enum="51001" description="EVENT_ID" />
      <value enum="60000" description="GLOBEX_SEC_INFO" />
      <value enum="60001" description="ORDER_CORRELATION_ID" />
    </field>
    <field number="453" name="NoPartyIDs" type="NUMINGROUP" />
    <field number="464" name="TestMessageIndicator" type="BOOLEAN" />
    <field number="553" name="Username" type="STRING" />
    <field number="554" name="Password" type="STRING" />
    <field number="627" name="NoHops" type="NUMINGROUP" />
    <field number="628" name="HopCompID" type="STRING" />
    <field number="629" name="HopSendingTime" type="UTCTIMESTAMP" />
    <field number="630" name="HopRefID" type="SEQNUM" />
    <field number="789" name="NextExpectedMsgSeqNum" type="SEQNUM" />
    <field number="925" name="NewPassword" type="STRING" />
    <field number="6928" name="BTSRequesterIPAddress" type="STRING" />
    <field number="6929" name="BTSRequesterOSIdentifier" type="STRING" />
    <field number="6930" name="ApplicationLogonRspCode" type="INT" />
    <field number="6931" name="DaysBeforePwdExpiration" type="INT" />
    <field number="9225" name="MessageID" type="STRING" />
    <field number="10016" name="BusinessSeqNum" type="STRING" />
    <field number="10031" name="SanityValidation" type="BOOLEAN" />
    <field number="20001" name="XMLContent"    type="STRING"/>
    <field number="20002" name="XMLContentLen" type="INT" />
    <field number="20003" name="ResponseID" type="STRING"/>
  </fields>
</fix>